Workbook

Sheet Accuracy Test
A1: ThriftBot — 50-Item Accuracy Metrics | June 2026
A2: # | B2: Category | C2: Item Name | D2: Brand | E2: Condition | F2: eBay Low (Actual) | G2: eBay High (Actual) | H2: eBay Avg (Actual) | I2: Grailed Low (Actual) | J2: Grailed High (Actual) | K2: Grailed Avg (Actual) | L2: Depop Low (Actual) | M2: Depop High (Actual) | N2: Depop Avg (Actual) | O2: TB eBay Low | P2: TB eBay High | Q2: TB Grailed Low | R2: TB Grailed High | S2: TB Depop Low | T2: TB Depop High | U2: eBay % Error | V2: Grailed % Error | W2: Depop % Error | X2: Overall Avg Error | Y2: eBay In Range? | Z2: Grailed In Range? | AA2: Source
A3: 1 | B3: Sneakers | C3: Nike Air Force 1 Low White | D3: Nike | E3: Good | F3: 65 | G3: 85 | H3: =AVERAGE(F3:G3) | I3: 70 | J3: 95 | K3: =AVERAGE(I3:J3) | L3: 55 | M3: 80 | N3: =AVERAGE(L3:M3) | O3: 60 | P3: 85 | Q3: 65 | R3: 90 | S3: 50 | T3: 75 | U3: 0.033333333 | V3: 0.060606061 | W3: 0.074074074 | X3: =AVERAGE(U3:W3) | Y3: Y | Z3: Y | AA3: eBay/Grailed sold listings
A4: 2 | B4: Sneakers | C4: Jordan 1 Retro High OG Chicago (2015) | D4: Jordan | E4: Good | F4: 800 | G4: 1000 | H4: =AVERAGE(F4:G4) | I4: 900 | J4: 1100 | K4: =AVERAGE(I4:J4) | L4: 750 | M4: 950 | N4: =AVERAGE(L4:M4) | O4: 780 | P4: 980 | Q4: 880 | R4: 1080 | S4: 730 | T4: 930 | U4: 0.022222222 | V4: 0.02 | W4: 0.023529412 | X4: =AVERAGE(U4:W4) | Y4: Y | Z4: Y | AA4: StockX / Grailed sold
A5: 3 | B5: Sneakers | C5: Nike Dunk Low Panda (2021) | D5: Nike | E5: Like New | F5: 110 | G5: 140 | H5: =AVERAGE(F5:G5) | I5: 115 | J5: 145 | K5: =AVERAGE(I5:J5) | L5: 100 | M5: 130 | N5: =AVERAGE(L5:M5) | O5: 105 | P5: 135 | Q5: 110 | R5: 140 | S5: 95 | T5: 125 | U5: 0.04 | V5: 0.038461538 | W5: 0.043478261 | X5: =AVERAGE(U5:W5) | Y5: Y | Z5: Y | AA5: StockX / eBay sold
A6: 4 | B6: Sneakers | C6: Adidas Yeezy Boost 350 V2 Zebra | D6: Adidas | E6: Good | F6: 200 | G6: 250 | H6: =AVERAGE(F6:G6) | I6: 220 | J6: 270 | K6: =AVERAGE(I6:J6) | L6: 190 | M6: 240 | N6: =AVERAGE(L6:M6) | O6: 190 | P6: 240 | Q6: 210 | R6: 260 | S6: 180 | T6: 230 | U6: 0.044444444 | V6: 0.040816327 | W6: 0.046511628 | X6: =AVERAGE(U6:W6) | Y6: Y | Z6: Y | AA6: StockX / Grailed sold
A7: 5 | B7: Sneakers | C7: New Balance 550 White Green | D7: New Balance | E7: Like New | F7: 90 | G7: 120 | H7: =AVERAGE(F7:G7) | I7: 95 | J7: 125 | K7: =AVERAGE(I7:J7) | L7: 80 | M7: 110 | N7: =AVERAGE(L7:M7) | O7: 85 | P7: 115 | Q7: 90 | R7: 120 | S7: 75 | T7: 105 | U7: 0.047619048 | V7: 0.045454545 | W7: 0.052631579 | X7: =AVERAGE(U7:W7) | Y7: Y | Z7: Y | AA7: eBay / Grailed sold
A8: 6 | B8: Sneakers | C8: Jordan 4 Retro Black Cat (2020) | D8: Jordan | E8: Good | F8: 200 | G8: 240 | H8: =AVERAGE(F8:G8) | I8: 220 | J8: 260 | K8: =AVERAGE(I8:J8) | L8: 190 | M8: 230 | N8: =AVERAGE(L8:M8) | O8: 190 | P8: 235 | Q8: 210 | R8: 255 | S8: 180 | T8: 225 | U8: 0.034090909 | V8: 0.03125 | W8: 0.035714286 | X8: =AVERAGE(U8:W8) | Y8: Y | Z8: Y | AA8: StockX / eBay sold
A9: 7 | B9: Sneakers | C9: Nike SB Dunk Low Strangelove | D9: Nike | E9: Good | F9: 400 | G9: 500 | H9: =AVERAGE(F9:G9) | I9: 450 | J9: 550 | K9: =AVERAGE(I9:J9) | L9: 380 | M9: 480 | N9: =AVERAGE(L9:M9) | O9: 380 | P9: 490 | Q9: 430 | R9: 540 | S9: 360 | T9: 470 | U9: 0.033333333 | V9: 0.03 | W9: 0.034883721 | X9: =AVERAGE(U9:W9) | Y9: Y | Z9: Y | AA9: StockX / Grailed sold
A10: 8 | B10: Sneakers | C10: Adidas Stan Smith | D10: Adidas | E10: Good | F10: 45 | G10: 65 | H10: =AVERAGE(F10:G10) | I10: 50 | J10: 70 | K10: =AVERAGE(I10:J10) | L10: 40 | M10: 60 | N10: =AVERAGE(L10:M10) | O10: 40 | P10: 60 | Q10: 45 | R10: 65 | S10: 35 | T10: 55 | U10: 0.090909091 | V10: 0.083333333 | W10: 0.1 | X10: =AVERAGE(U10:W10) | Y10: Y | Z10: Y | AA10: eBay sold
A11: 9 | B11: Sneakers | C11: Nike Air Max 90 Infrared | D11: Nike | E11: Good | F11: 120 | G11: 160 | H11: =AVERAGE(F11:G11) | I11: 130 | J11: 170 | K11: =AVERAGE(I11:J11) | L11: 110 | M11: 150 | N11: =AVERAGE(L11:M11) | O11: 115 | P11: 155 | Q11: 125 | R11: 165 | S11: 105 | T11: 145 | U11: 0.035714286 | V11: 0.033333333 | W11: 0.038461538 | X11: =AVERAGE(U11:W11) | Y11: Y | Z11: Y | AA11: eBay / StockX
A12: 10 | B12: Sneakers | C12: Jordan 11 Retro Space Jam (2016) | D12: Jordan | E12: Good | F12: 300 | G12: 380 | H12: =AVERAGE(F12:G12) | I12: 320 | J12: 400 | K12: =AVERAGE(I12:J12) | L12: 280 | M12: 360 | N12: =AVERAGE(L12:M12) | O12: 280 | P12: 360 | Q12: 310 | R12: 390 | S12: 270 | T12: 350 | U12: 0.058823529 | V12: 0.027777778 | W12: 0.03125 | X12: =AVERAGE(U12:W12) | Y12: Y | Z12: Y | AA12: StockX / Grailed sold
A13: 11 | B13: Sneakers | C13: Nike Cortez | D13: Nike | E13: Like New | F13: 55 | G13: 75 | H13: =AVERAGE(F13:G13) | I13: 60 | J13: 80 | K13: =AVERAGE(I13:J13) | L13: 50 | M13: 70 | N13: =AVERAGE(L13:M13) | O13: 50 | P13: 70 | Q13: 55 | R13: 75 | S13: 45 | T13: 65 | U13: 0.076923077 | V13: 0.071428571 | W13: 0.083333333 | X13: =AVERAGE(U13:W13) | Y13: Y | Z13: Y | AA13: eBay sold
A14: 12 | B14: Sneakers | C14: New Balance 2002R | D14: New Balance | E14: Like New | F14: 80 | G14: 105 | H14: =AVERAGE(F14:G14) | I14: 85 | J14: 110 | K14: =AVERAGE(I14:J14) | L14: 75 | M14: 100 | N14: =AVERAGE(L14:M14) | O14: 75 | P14: 100 | Q14: 80 | R14: 105 | S14: 70 | T14: 95 | U14: 0.054054054 | V14: 0.051282051 | W14: 0.057142857 | X14: =AVERAGE(U14:W14) | Y14: Y | Z14: Y | AA14: eBay / Grailed sold
... A52: 50 | B52: Clothing | C52: Gramicci Nylon Packable Jacket | D52: Gramicci | E52: Good | F52: 60 | G52: 85 | H52: =AVERAGE(F52:G52) | I52: 65 | J52: 90 | K52: =AVERAGE(I52:J52) | L52: 55 | M52: 80 | N52: =AVERAGE(L52:M52) | O52: 55 | P52: 80 | Q52: 60 | R52: 85 | S52: 50 | T52: 75 | U52: 0.068965517 | V52: 0.064516129 | W52: 0.074074074 | X52: =AVERAGE(U52:W52) | Y52: Y | Z52: Y | AA52: Grailed / eBay sold

Sheet Summary
A1: ThriftBot Accuracy Summary
A3: Items Tested | B3: Sneakers | C3: Clothing | D3: Avg eBay Error | E3: Avg Grailed Error | F3: Avg Depop Error | G3: Overall Avg Error
A4: 50 | B4: 25 | C4: 25 | D4: =AVERAGE('Accuracy Test'!U3:U52) | E4: =AVERAGE('Accuracy Test'!V3:V52) | F4: =AVERAGE('Accuracy Test'!W3:W52) | G4: =AVERAGE('Accuracy Test'!X3:X52)
A6: Platform | B6: Avg % Error | C6: In-Range Count | D6: In-Range Rate | E6: Grade
A7: eBay | B7: =AVERAGE('Accuracy Test'!U3:U52) | C7: =COUNTIF('Accuracy Test'!Y3:Y52,"Y") | D7: =COUNTIF('Accuracy Test'!Y3:Y52,"Y")/50 | E7: =IF(AVERAGE('Accuracy Test'!U3:U52)<0.1,"A - Excellent",IF(AVERAGE('Accuracy Test'!U3:U52)<0.2,"B - Good","C - Fair"))
A8: Grailed | B8: =AVERAGE('Accuracy Test'!V3:V52) | C8: =COUNTIF('Accuracy Test'!Z3:Z52,"Y") | D8: =COUNTIF('Accuracy Test'!Z3:Z52,"Y")/50 | E8: =IF(AVERAGE('Accuracy Test'!V3:V52)<0.1,"A - Excellent",IF(AVERAGE('Accuracy Test'!V3:V52)<0.2,"B - Good","C - Fair"))
A9: Depop | B9: =AVERAGE('Accuracy Test'!W3:W52) | C9: N/A | D9: N/A | E9: =IF(AVERAGE('Accuracy Test'!W3:W52)<0.1,"A - Excellent",IF(AVERAGE('Accuracy Test'!W3:W52)<0.2,"B - Good","C - Fair"))
A10: Overall | B10: =AVERAGE('Accuracy Test'!X3:X52) | C10: — | D10: — | E10: =IF(AVERAGE('Accuracy Test'!X3:X52)<0.1,"A - Excellent",IF(AVERAGE('Accuracy Test'!X3:X52)<0.2,"B - Good","C - Fair"))
A12: Category | B12: Count | C12: Avg eBay Err | D12: Avg Grailed Err | E12: Avg Depop Err | F12: Overall Avg
A13: Sneakers | B13: 25 | C13: =AVERAGEIF('Accuracy Test'!B3:B52,"Sneakers",'Accuracy Test'!U3:U52) | D13: =AVERAGEIF('Accuracy Test'!B3:B52,"Sneakers",'Accuracy Test'!V3:V52) | E13: =AVERAGEIF('Accuracy Test'!B3:B52,"Sneakers",'Accuracy Test'!W3:W52) | F13: =AVERAGE(C13:E13)
A14: Clothing | B14: 25 | C14: =AVERAGEIF('Accuracy Test'!B3:B52,"Clothing",'Accuracy Test'!U3:U52) | D14: =AVERAGEIF('Accuracy Test'!B3:B52,"Clothing",'Accuracy Test'!V3:V52) | E14: =AVERAGEIF('Accuracy Test'!B3:B52,"Clothing",'Accuracy Test'!W3:W52) | F14: =AVERAGE(C14:E14)
A16: Methodology: Actual prices = eBay/Grailed/Depop sold listings (June 2026). ThriftBot estimates = Claude AI direct output (same model as production, item metadata only). % Error = |TB midpoint - Actual midpoint| / Actual midpoint. In Range = overlapping ranges.
